{"loss": 0.36785078048706055, "_timestamp": 1682438978.8936925, "_runtime": 3586.7926075458527, "_step": 8384}